{
  "interactionModel": {
    "languageModel": {
      "intents": [
        {
          "slots": [
            {
              "name": "EmployeeName",
              "type": "AMAZON.SearchQuery"
            }
          ],
          "name": "GetExtensionIntent",
          "samples": [
            "extension de {EmployeeName}",
            "cual es la extension de {EmployeeName}",
            "cuál es la extensión de {EmployeeName}",
            "dime la extensión de {EmployeeName}",
            "qué extensión tiene {EmployeeName}",
            "extensión de {EmployeeName}",
            "extensión {EmployeeName}"
          ]
        },
        {
          "slots": [
            {
              "name": "EmployeeName",
              "type": "AMAZON.SearchQuery"
            }
          ],
          "name": "GetEmailIntent",
          "samples": [
            "cuál es el correo de {EmployeeName}",
            "dime correo de {EmployeeName}",
            "qué correo tiene {EmployeeName}",
            "correo de {EmployeeName}",
            "correo {EmployeeName}"
          ]
        },
        {
          "name": "AMAZON.CancelIntent",
          "samples": []
        },
        {
          "name": "AMAZON.StopIntent",
          "samples": []
        },
        {
          "name": "AMAZON.HelpIntent",
          "samples": []
        },
        {
          "name": "AMAZON.NavigateHomeIntent",
          "samples": []
        }
      ],
      "types": [],
      "invocationName": "grupo residencial"
    }
  }
}