{
  "manifest": {
    "publishingInformation": {
      "locales": {
        "es-MX": {
          "summary": "find the extension number for employees in GR",
          "examplePhrases": [
            "Alexa, Abre grupo residencial",
            "cual es la extensión de Luis"
          ],
          "keywords": [
            "directories"
          ],
          "name": "Grupo Residencial",
          "description": "You can find the skill of a colaborator in the cmopany database",
          "smallIconUri": "file://assets/images/es-MX_smallIconUri.png",
          "largeIconUri": "file://assets/images/es-MX_largeIconUri.png"
        }
      },
      "automaticDistribution": {
        "isActive": false
      },
      "isAvailableWorldwide": false,
      "testingInstructions": "{\"ask_dist_username\":\"n/a\",\"ask_dist_password\":\"n/a\",\"ask_dist_testing_instructions\":\"This is a private skill to find our directory extension for employees\"}",
      "category": "BUSINESS_AND_FINANCE",
      "distributionMode": "PUBLIC",
      "distributionCountries": [
        "PA"
      ]
    },
    "apis": {
      "custom": {
        "endpoint": {
          "uri": "arn:aws:lambda:us-east-1:032973066303:function:4b355834-d098-46ac-9d6c-8027d47d02a7:Release_0"
        },
        "interfaces": [],
        "locales": {},
        "regions": {
          "EU": {
            "endpoint": {
              "uri": "arn:aws:lambda:eu-west-1:032973066303:function:4b355834-d098-46ac-9d6c-8027d47d02a7:Release_0"
            }
          },
          "NA": {
            "endpoint": {
              "uri": "arn:aws:lambda:us-east-1:032973066303:function:4b355834-d098-46ac-9d6c-8027d47d02a7:Release_0"
            }
          },
          "FE": {
            "endpoint": {
              "uri": "arn:aws:lambda:us-west-2:032973066303:function:4b355834-d098-46ac-9d6c-8027d47d02a7:Release_0"
            }
          }
        }
      }
    },
    "manifestVersion": "1.0",
    "privacyAndCompliance": {
      "allowsPurchases": false,
      "locales": {
        "es-MX": {}
      },
      "containsAds": false,
      "isExportCompliant": true,
      "isChildDirected": false,
      "shoppingKit": {
        "isShoppingActionsEnabled": false,
        "isAmazonAssociatesOnAlexaEnabled": false
      },
      "usesPersonalInfo": false
    }
  }
}